date_week,spend_social,spend_tv,x1,x2,y,event_1,event_2,t
2018-04-02,77555.13759008209,29979.672076130613,0.7755513759008209,0.05995934415226123,486.15218597449126,0.0,0.0,0
2018-04-09,87894.72116237455,279933.3971252807,0.8789472116237456,0.5598667942505614,387.46680774925494,0.0,0.0,1
2018-04-16,29390.558790918898,4385.45059553842,0.29390558790918897,0.008770901191076841,431.2920007903426,0.0,0.0,2
2018-04-23,91442.57221107815,354652.0751975949,0.9144257221107815,0.7093041503951898,282.12297880404765,0.0,0.0,3
2018-04-30,16259.64844738918,417807.8533271481,0.1625964844738918,0.8356157066542963,194.8389108540508,0.0,0.0,4
2018-05-07,28169.124721215045,44918.32736807679,0.28169124721215044,0.08983665473615358,508.00957253060756,0.0,0.0,5
2018-05-14,25569.04033177075,317633.7352275439,0.2556904033177075,0.6352674704550878,439.73800599968615,0.0,0.0,6
2018-05-21,10680.968044619422,15721.999010213147,0.10680968044619422,0.03144399802042629,541.6505443421958,0.0,0.0,7
2018-05-28,6595.431402604383,7389.168627109583,0.06595431402604383,0.014778337254219166,541.2725389028426,0.0,0.0,8
2018-06-04,85266.57596488259,359476.00929968833,0.8526657596488258,0.7189520185993766,393.56626350431776,0.0,0.0,9
2018-06-11,74181.03872519474,36484.2854338689,0.7418103872519474,0.0729685708677378,599.0423792401872,1.0,0.0,10
2018-06-18,95724.84485288791,484034.9967096156,0.957248448528879,0.9680699934192312,605.588230255238,1.0,0.0,11
2018-06-25,67785.5483140787,369842.3910311351,0.677855483140787,0.7396847820622702,460.05839968116027,0.0,0.0,12
2018-07-02,6095.09414468072,49331.577246216104,0.0609509414468072,0.09866315449243221,426.00683736810987,0.0,0.0,13
2018-07-09,22076.223831061365,487798.66500096023,0.22076223831061365,0.9755973300019205,321.7554913723389,0.0,0.0,14
2018-07-16,98700.3892973684,42526.68395953913,0.987003892973684,0.08505336791907826,654.7274728219681,0.0,1.0,15
2018-07-23,14261.492650871722,280480.41958377813,0.1426149265087172,0.5609608391675562,570.6081538843476,0.0,1.0,16
2018-07-30,9736.783977107143,421524.0912763622,0.09736783977107143,0.8430481825527244,387.652167933832,0.0,0.0,17
2018-08-06,16892.623155648344,22715.89809208733,0.16892623155648345,0.04543179618417466,517.3565228900028,0.0,0.0,18
2018-08-13,21745.349867062756,323839.75633602246,0.21745349867062758,0.6476795126720449,489.48128793603195,0.0,0.0,19
2018-08-20,25816.954901445937,22115.70635339466,0.2581695490144594,0.04423141270678932,333.5319002700955,0.0,0.0,20
2018-08-27,72494.66565528164,45922.09477577772,0.7249466565528164,0.09184418955155543,241.45551597769267,0.0,0.0,21
2018-09-03,92190.57429987208,277647.1027490276,0.9219057429987207,0.5552942054980552,517.6283190112026,0.0,0.0,22
2018-09-10,12208.202598256103,469800.00607693626,0.12208202598256103,0.9396000121538726,454.6989097642997,0.0,0.0,23
2018-09-17,8493.812090232745,41844.828983046915,0.08493812090232745,0.08368965796609383,346.90626478663285,0.0,0.0,24
2018-09-24,5184.056743775138,49955.23652371194,0.05184056743775138,0.09991047304742387,285.40836745892136,0.0,0.0,25
2018-10-01,86594.03426368129,412531.25388969923,0.8659403426368129,0.8250625077793985,267.6986175305225,0.0,0.0,26
2018-10-08,91229.16124087872,44851.669944831265,0.9122916124087872,0.08970333988966253,394.9539679007183,0.0,0.0,27
2018-10-15,19218.529898822344,12041.402902057353,0.19218529898822345,0.024082805804114704,281.70662991572146,0.0,0.0,28
2018-10-22,7863.2518383993365,38838.39703461093,0.07863251838399336,0.07767679406922186,387.54828031854356,0.0,0.0,29
2018-10-29,16777.40515357831,45531.91135654427,0.16777405153578312,0.09106382271308854,300.0306855733579,0.0,0.0,30
2018-11-05,24124.97143540064,259040.67762367404,0.24124971435400638,0.5180813552473481,266.57569775867296,0.0,0.0,31
2018-11-12,18839.485016449897,2582.8958507199463,0.18839485016449897,0.005165791701439893,509.92706843848634,0.0,0.0,32
2018-11-19,12598.752451565304,450370.4527148538,0.12598752451565304,0.9007409054297076,453.3954334574722,0.0,0.0,33
2018-11-26,15917.934730809058,42470.44214615365,0.15917934730809058,0.0849408842923073,341.31500891393205,0.0,0.0,34
2018-12-03,15213.216093115905,40048.19268208382,0.15213216093115906,0.08009638536416763,301.99889740338466,0.0,0.0,35
2018-12-10,69357.57943461362,443027.0997760951,0.6935757943461363,0.8860541995521902,393.90807836201003,0.0,0.0,36
2018-12-17,12034.597300549915,459495.05466384575,0.12034597300549914,0.9189901093276915,488.77862347960735,0.0,0.0,37
2018-12-24,21547.912868172374,10089.105535952769,0.21547912868172375,0.02017821107190554,416.49256122156044,0.0,0.0,38
2018-12-31,24597.455227660335,25226.54950964933,0.24597455227660336,0.050453099019298654,426.7987816914467,0.0,0.0,39
2019-01-07,15159.671536001762,407502.96114409965,0.15159671536001762,0.8150059222881993,467.64410576661834,0.0,0.0,40
2019-01-14,66678.91679630816,288803.2481102727,0.6667891679630815,0.5776064962205454,352.5052686754195,0.0,0.0,41
2019-01-21,7251.196519391044,298260.37271722604,0.07251196519391044,0.5965207454344521,275.6504856073226,0.0,0.0,42
2019-01-28,78475.08921005549,35495.2348640652,0.7847508921005549,0.07099046972813039,384.55707388700677,0.0,0.0,43
2019-02-04,17526.119377584087,402885.9014942674,0.17526119377584087,0.8057718029885348,241.24574337517458,0.0,0.0,44
2019-02-11,22408.0093769434,30815.448496376644,0.224080093769434,0.06163089699275329,417.4464489379526,0.0,0.0,45
2019-02-18,14525.53065241206,44207.285568340856,0.1452553065241206,0.08841457113668172,533.8438900623296,0.0,0.0,46
2019-02-25,20757.06482797221,293281.9616056258,0.2075706482797221,0.5865639232112516,488.43451732591865,0.0,0.0,47
2019-03-04,7191.247982902525,9176.66144401595,0.07191247982902525,0.0183533228880319,533.63356626313,0.0,0.0,48
2019-03-11,29047.44161373786,364640.16061462247,0.2904744161373786,0.7292803212292449,490.90848975622566,0.0,0.0,49
2019-03-18,87988.28535242997,409102.0855269442,0.8798828535242997,0.8182041710538884,487.7261153326243,0.0,0.0,50
2019-03-25,29229.409433693098,286282.56366626243,0.292294094336931,0.5725651273325248,339.9359004326193,0.0,0.0,51
2019-04-01,88675.60756635982,325335.6581286795,0.8867560756635982,0.650671316257359,277.24067691636407,0.0,0.0,52
2019-04-08,11806.039046128975,424943.9861472665,0.11806039046128976,0.8498879722945331,270.2879928978674,0.0,0.0,53
2019-04-15,27565.05991359604,485148.6024238796,0.2756505991359604,0.9702972048477592,385.4323760823838,0.0,0.0,54
2019-04-22,10059.084119880757,25417.636922347105,0.10059084119880758,0.05083527384469421,359.54096848390395,0.0,0.0,55
2019-04-29,19480.4892235474,23708.436474130907,0.19480489223547398,0.047416872948261815,459.52349351313717,0.0,0.0,56
2019-05-06,26415.35710230939,6704.730493638267,0.2641535710230939,0.013409460987276535,318.63425102317683,0.0,0.0,57
2019-05-13,88778.51823803746,15235.230188041565,0.8877851823803746,0.03047046037608313,421.5616240548032,0.0,0.0,58
2019-05-20,20682.721017561078,30549.377351831416,0.2068272101756108,0.06109875470366283,291.32880831896944,0.0,0.0,59
2019-05-27,21246.165038870502,352952.72414639255,0.21246165038870501,0.7059054482927851,279.3380612349222,0.0,0.0,60
2019-06-03,15395.185054265243,10881.4263348481,0.15395185054265242,0.0217628526696962,462.0521771430922,0.0,0.0,61
2019-06-10,17349.770481112973,329260.2278293095,0.17349770481112975,0.6585204556586189,587.1299429687718,1.0,0.0,62
2019-06-17,8613.104721651172,20920.00220784302,0.08613104721651173,0.04184000441568604,526.3896779295064,1.0,0.0,63
2019-06-24,19691.114304442803,11279.64341021055,0.19691114304442803,0.0225592868204211,548.9175242688383,0.0,0.0,64
2019-07-01,28128.00295941993,391442.9751079802,0.2812800295941993,0.7828859502159604,462.8208930338166,0.0,0.0,65
2019-07-08,13671.745113370926,411987.1205503025,0.13671745113370926,0.823974241100605,358.85240777559545,0.0,0.0,66
2019-07-15,5570.096775742438,329053.5379560108,0.05570096775742438,0.6581070759120216,822.037035155756,0.0,1.0,67
2019-07-22,79292.13747771601,387286.09589991986,0.7929213747771601,0.7745721917998397,759.3081870520136,0.0,1.0,68
2019-07-29,63309.199996897536,31300.624047052854,0.6330919999689754,0.06260124809410571,477.30800257230425,0.0,0.0,69
2019-08-05,17267.674858863025,25636.962230337915,0.17267674858863025,0.05127392446067583,314.9077002681596,0.0,0.0,70
2019-08-12,82869.12209504301,471600.7216809269,0.8286912209504301,0.9432014433618539,406.30907652504754,0.0,0.0,71
2019-08-19,11674.39157729734,375908.23129577475,0.1167439157729734,0.7518164625915496,369.4695237383016,0.0,0.0,72
2019-08-26,18016.810061788445,449967.6026909591,0.18016810061788446,0.8999352053819183,316.8923420089364,0.0,0.0,73
2019-09-02,5540.3019970082605,41869.118117253434,0.05540301997008261,0.08373823623450687,295.19514775258085,0.0,0.0,74
2019-09-09,95846.43087359067,5792.8362167634195,0.9584643087359067,0.01158567243352684,409.53045074863235,0.0,0.0,75
2019-09-16,18850.903588476238,42099.66055197316,0.18850903588476237,0.08419932110394632,385.5622098825968,0.0,0.0,76
2019-09-23,21806.002325995294,14030.571806682796,0.21806002325995294,0.02806114361336559,434.4848860069882,0.0,0.0,77
2019-09-30,21485.565867297544,8649.72225957969,0.21485565867297546,0.01729944451915938,320.6326129458893,0.0,0.0,78
2019-10-07,90745.89967670628,37134.62833625428,0.9074589967670628,0.07426925667250857,396.10393347719446,0.0,0.0,79
2019-10-14,27900.2961284402,41358.67122603432,0.279002961284402,0.08271734245206865,531.2600054794954,0.0,0.0,80
2019-10-21,5935.313904404495,343065.39329788706,0.05935313904404495,0.6861307865957741,475.31394598297794,0.0,0.0,81
2019-10-28,14273.057096560971,30042.020397254044,0.1427305709656097,0.06008404079450809,482.7127065194774,0.0,0.0,82
2019-11-04,92330.05888257208,18245.968053912624,0.9233005888257207,0.03649193610782525,336.2179601088059,0.0,0.0,83
2019-11-11,28822.484876743627,498866.11814590933,0.28822484876743626,0.9977322362918186,321.3382794490538,0.0,0.0,84
2019-11-18,17876.428230792862,327740.3774801916,0.17876428230792862,0.6554807549603832,538.5089875120125,0.0,0.0,85
2019-11-25,28401.089251224083,426351.5913710032,0.2840108925122408,0.8527031827420064,466.379181301309,0.0,0.0,86
2019-12-02,6122.765484808225,32044.431729307973,0.06122765484808225,0.06408886345861595,522.5207813889241,0.0,0.0,87
2019-12-09,29809.38910139593,10452.882930112075,0.2980938910139593,0.02090576586022415,571.1163031347726,0.0,0.0,88
2019-12-16,89944.32077827796,290937.82606457395,0.8994432077827796,0.5818756521291479,409.86419160505994,0.0,0.0,89
2019-12-23,95737.86558791452,41815.2145275119,0.9573786558791453,0.0836304290550238,382.2007790364199,0.0,0.0,90
2019-12-30,12898.226295769828,388992.3570071121,0.12898226295769827,0.7779847140142242,543.1920941678161,0.0,0.0,91
2020-01-06,86466.45052671045,497580.4160815681,0.8646645052671045,0.9951608321631362,398.9093024506338,0.0,0.0,92
2020-01-13,7361.666701537882,22412.280662717552,0.07361666701537882,0.04482456132543511,310.9634290835111,0.0,0.0,93
2020-01-20,70498.42063691458,4002.464182309251,0.7049842063691458,0.008004928364618502,299.8260990674263,0.0,0.0,94
2020-01-27,69638.82300022739,358444.7568306482,0.6963882300022739,0.7168895136612965,266.2994387602106,0.0,0.0,95
2020-02-03,25777.816803122656,7533.648690662009,0.25777816803122655,0.01506729738132402,554.5837234329415,0.0,0.0,96
2020-02-10,9481.707703943477,45355.18110781076,0.09481707703943477,0.09071036221562151,382.65542515052704,0.0,0.0,97
2020-02-17,26864.051020936615,11642.614247185313,0.26864051020936613,0.023285228494370626,434.229534288188,0.0,0.0,98
2020-02-24,12758.09182250237,24509.87712007932,0.1275809182250237,0.04901975424015864,454.6890261991572,0.0,0.0,99
2020-03-02,98873.0570424387,373322.49396266666,0.988730570424387,0.7466449879253333,427.61855450149255,0.0,0.0,100
2020-03-09,8597.43756378127,12183.372702785678,0.0859743756378127,0.024366745405571356,337.1312778862821,0.0,0.0,101
2020-03-16,10741.400749971383,409397.17511961475,0.10741400749971382,0.8187943502392295,327.93239381132906,0.0,0.0,102
2020-03-23,21941.46684032144,417550.81383783877,0.21941466840321439,0.8351016276756775,424.8149361157137,0.0,0.0,103
2020-03-30,17658.248290515825,264527.1204303619,0.17658248290515827,0.5290542408607237,489.3506910573998,0.0,0.0,104
2020-04-06,19527.915230522558,26976.371763083935,0.19527915230522558,0.05395274352616787,562.5072487186795,0.0,0.0,105
2020-04-13,25103.113154556566,42223.94366435933,0.25103113154556567,0.08444788732871866,519.1079967456753,0.0,0.0,106
2020-04-20,89559.36015662167,38431.379472968954,0.8955936015662167,0.07686275894593791,416.18326838192036,0.0,0.0,107
2020-04-27,8093.845091258616,376197.8707258745,0.08093845091258615,0.752395741451749,352.96423990289907,0.0,0.0,108
2020-05-04,75903.12775299762,396780.98513424513,0.7590312775299762,0.7935619702684903,479.9117359693404,0.0,0.0,109
2020-05-11,17214.601133788332,335147.6988978811,0.17214601133788332,0.6702953977957622,331.4249677745887,0.0,0.0,110
2020-05-18,28890.58142617425,26570.55205022889,0.2889058142617425,0.053141104100457776,280.1980928289022,0.0,0.0,111
2020-05-25,28120.210732800675,19927.62533507703,0.28120210732800677,0.039855250670154066,571.5917613750587,0.0,0.0,112
2020-06-01,18879.95105817062,407708.0600911856,0.1887995105817062,0.8154161201823712,493.8766811995481,0.0,0.0,113
2020-06-08,7647.435093768832,16942.78178048025,0.07647435093768833,0.0338855635609605,554.4369724356892,1.0,0.0,114
2020-06-15,15477.857982907595,1241.156589928627,0.15477857982907595,0.002482313179857254,629.690811318334,1.0,0.0,115
2020-06-22,83841.70212937491,362051.8320642179,0.8384170212937492,0.7241036641284357,593.3974632754368,0.0,0.0,116
2020-06-29,92174.43662451883,29923.859577886833,0.9217443662451883,0.059847719155773665,456.3159393971407,0.0,0.0,117
2020-07-06,24619.08623130469,13901.105330040693,0.24619086231304688,0.027802210660081386,527.2835064413173,0.0,0.0,118
2020-07-13,7728.599919143374,408442.44326731574,0.07728599919143374,0.8168848865346314,742.9862468540099,0.0,1.0,119
2020-07-20,91872.68353300648,405089.42741451104,0.9187268353300647,0.8101788548290221,699.5366579571148,0.0,1.0,120
2020-07-27,18269.239764976337,38071.62815920039,0.18269239764976336,0.07614325631840077,478.4364947934438,0.0,0.0,121
2020-08-03,26693.47384440028,430173.9866795879,0.2669347384440028,0.8603479733591758,448.77611847276705,0.0,0.0,122
2020-08-10,15314.289231842009,445501.2926845443,0.1531428923184201,0.8910025853690886,485.01055294621483,0.0,0.0,123
2020-08-17,15647.052159337749,278526.0177959093,0.1564705215933775,0.5570520355918186,482.1050178193262,0.0,0.0,124
2020-08-24,26687.265793808125,360022.17488184216,0.26687265793808124,0.7200443497636844,500.8636909638768,0.0,0.0,125
2020-08-31,11195.989073783952,413525.6023705892,0.11195989073783953,0.8270512047411784,383.20342310129735,0.0,0.0,126
2020-09-07,23650.35700608616,496144.5203579061,0.2365035700608616,0.9922890407158123,434.6843266798364,0.0,0.0,127
2020-09-14,64211.123194165,36687.67487189581,0.64211123194165,0.07337534974379162,554.3467025057265,0.0,0.0,128
2020-09-21,19860.841593911293,336623.21532826225,0.19860841593911294,0.6732464306565245,489.3379467414475,0.0,0.0,129
2020-09-28,25616.604761408533,2047.3480142859878,0.25616604761408535,0.004094696028571976,408.9547846979689,0.0,0.0,130
2020-10-05,8596.798324278567,372424.9354542265,0.08596798324278566,0.744849870908453,416.9829274119673,0.0,0.0,131
2020-10-12,66621.26890941113,366243.3640484133,0.6662126890941112,0.7324867280968266,459.0398241820656,0.0,0.0,132
2020-10-19,8840.334879801467,352894.00054851494,0.08840334879801466,0.7057880010970299,348.95427224099075,0.0,0.0,133
2020-10-26,5528.700408411001,271204.818077958,0.05528700408411001,0.5424096361559161,292.6751355294896,0.0,0.0,134
2020-11-02,9366.036773396318,450514.94674643106,0.09366036773396318,0.9010298934928621,589.1610558918308,0.0,0.0,135
2020-11-09,19778.59540277428,455645.7726543579,0.1977859540277428,0.9112915453087158,523.2795913240017,0.0,0.0,136
2020-11-16,14840.761420800707,18635.11706533671,0.14840761420800708,0.03727023413067342,464.9874495678565,0.0,0.0,137
2020-11-23,17613.15592555575,5464.114555727901,0.1761315592555575,0.0109282291114558,350.6057312949952,0.0,0.0,138
2020-11-30,94045.26507288824,428314.5490779245,0.9404526507288824,0.8566290981558491,445.5847329404751,0.0,0.0,139
2020-12-07,9537.460239913102,466364.1370139157,0.09537460239913102,0.9327282740278314,314.46934379203236,0.0,0.0,140
2020-12-14,11234.689395805295,450217.898026658,0.11234689395805296,0.900435796053316,516.2098578186444,0.0,0.0,141
2020-12-21,15406.560642579809,11726.75752206493,0.15406560642579809,0.02345351504412986,471.05972862316025,0.0,0.0,142
2020-12-28,14340.35346148929,464531.3261562058,0.1434035346148929,0.9290626523124116,558.3401286211954,0.0,0.0,143
2021-01-04,7541.7975725929,25731.46710581749,0.075417975725929,0.05146293421163498,589.1365535302941,0.0,0.0,144
2021-01-11,62078.474658604166,257401.8222821533,0.6207847465860417,0.5148036445643066,594.5811046457685,0.0,0.0,145
2021-01-18,63964.52566319502,44781.744069184846,0.6396452566319502,0.08956348813836969,578.0954343346064,0.0,0.0,146
2021-01-25,96106.12575710469,309414.5908401493,0.9610612575710469,0.6188291816802987,450.9690009353212,0.0,0.0,147
2021-02-01,92081.03521094374,337007.8558523786,0.9208103521094374,0.6740157117047572,417.04383943659906,0.0,0.0,148
2021-02-08,85699.3310398219,324735.9127797264,0.856993310398219,0.6494718255594527,384.3923487640094,0.0,0.0,149
2021-02-15,65382.08833652588,349235.01693695853,0.6538208833652588,0.698470033873917,473.4733786243849,0.0,0.0,150
2021-02-22,17855.571754760364,44327.87810859346,0.17855571754760363,0.08865575621718692,368.4539380850622,0.0,0.0,151
2021-03-01,78511.97462374064,4240.579561788155,0.7851197462374063,0.00848115912357631,314.59978586948813,0.0,0.0,152
2021-03-08,20989.081780927754,35881.957382078384,0.20989081780927754,0.07176391476415676,434.0151780646052,0.0,0.0,153
2021-03-15,8494.210273848921,499685.84251669125,0.08494210273848922,0.9993716850333825,478.37585283503586,0.0,0.0,154
2021-03-22,15422.234214872127,20397.09755656411,0.15422234214872127,0.04079419511312822,504.9846589269467,0.0,0.0,155
2021-03-29,14187.795252878199,28743.596481151682,0.141877952528782,0.05748719296230336,498.3413545916089,0.0,0.0,156
2021-04-05,13187.389110313636,425220.2525301646,0.13187389110313635,0.8504405050603292,387.7717635336889,0.0,0.0,157
2021-04-12,22143.583636398635,348092.2732304485,0.22143583636398634,0.696184546460897,444.96362795285387,0.0,0.0,158
2021-04-19,28721.44816788351,374229.14903258736,0.2872144816788351,0.7484582980651747,598.1607917116328,0.0,0.0,159
2021-04-26,79236.41713200315,18268.923159956677,0.7923641713200315,0.03653784631991335,481.5094452118357,0.0,0.0,160
2021-05-03,18385.86974575008,10098.951884439079,0.18385869745750077,0.02019790376887816,598.7396109529444,0.0,0.0,161
2021-05-10,86103.49362240409,22663.995825008173,0.8610349362240408,0.045327991650016344,474.2352324578792,0.0,0.0,162
2021-05-17,81308.8910426296,335823.1155947269,0.813088910426296,0.6716462311894539,390.76646671818077,0.0,0.0,163
2021-05-24,12203.890354561543,47960.4636422288,0.12203890354561543,0.0959209272844576,513.9736128692608,0.0,0.0,164
2021-05-31,68096.18372502874,385214.1592362378,0.6809618372502874,0.7704283184724756,533.815644722056,0.0,0.0,165
2021-06-07,26517.97670814735,44849.83993864976,0.2651797670814735,0.08969967987729953,689.2556249670683,1.0,0.0,166
2021-06-14,20359.493513547994,16267.136525833854,0.20359493513547994,0.03253427305166771,655.5149764476535,1.0,0.0,167
2021-06-21,23142.890706785674,382385.51382126805,0.23142890706785674,0.7647710276425361,494.9810438609827,0.0,0.0,168
2021-06-28,28398.495567515653,397686.1985409416,0.2839849556751565,0.7953723970818831,471.76448307052317,0.0,0.0,169
2021-07-05,28972.00614772701,324845.8228787064,0.2897200614772701,0.6496916457574128,559.266460244982,0.0,0.0,170
2021-07-12,83747.28017865415,16124.617358433263,0.8374728017865416,0.032249234716866526,647.721339505049,0.0,1.0,171
2021-07-19,91804.59355932343,43715.718264540374,0.9180459355932343,0.08743143652908075,731.6750414738709,0.0,1.0,172
2021-07-26,70135.33415356748,28074.469720719233,0.7013533415356749,0.056148939441438464,501.030621217924,0.0,0.0,173
2021-08-02,7376.2299391100305,445956.02734392835,0.07376229939110031,0.8919120546878567,597.2031903902741,0.0,0.0,174
2021-08-09,9282.282602319721,23812.865429336285,0.0928228260231972,0.04762573085867257,394.51787015744577,0.0,0.0,175
2021-08-16,19310.76285084624,418649.36924475606,0.19310762850846241,0.8372987384895121,256.04280263217754,0.0,0.0,176
2021-08-23,18065.79438782807,475638.492304808,0.1806579438782807,0.951276984609616,188.24939212209983,0.0,0.0,177
2021-08-30,91969.78866048266,296294.83623839193,0.9196978866048267,0.5925896724767838,155.48183053707908,0.0,0.0,178
